{
  "partition": 5,
  "days": 823,
  "flare_days": 66,
  "flare_rate": 0.08019441069258809,
  "mean_forecast": 0.1019448810545367,
  "auc": 0.9396741523557904,
  "tss": 0.7511108442416237,
  "threshold": 0.1
}